[
   {
      "@id":"gam:artefact/Daphne",
      "@type":"schema:CreativeWork",
      "dc:description":"La grande composizione presenta un articolato gioco prospettico: lo sfondato del paesaggio oltre le spalle di Daphne, seduta sul davanzale, si moltiplica sui vetri specchianti delle ante di finestra. Daphne si configura qui come l'emblema quasi astratto della calma solitaria. Il dipinto mostra il ritorno di Casorati ad uno stile più conchiuso e definito nei contorni della figura, e di impianto monumentalizzante, rispetto alle opere intorno al '30.",
      "dc:source":"GAM - Torino, 2021",
      "schema:creditText":"GAM - Torino, 2021",
      "image":"https://www.gamtorino.it/it/le-collezioni/catalogo-delle-opere-online-gam/daphne-daphne-pavarolo",
      "maintainer":"GAM - Torino",
      "schema:material":"Room: primo piano",
      "arco-cd:hasInventory":"GAM - Torino, 2021",
      "caption":"Daphne, Felice Casorati - Novara, 1883-Torino, 1963",
      "title": "Daphne, Felice Casorati - Novara, 1883-Torino, 1963",
      "inventary": "P/1079",
      "colletion": "Novecento - primo piano",
      "Soggetto": "",
      "author": "Felice Casorati - Novara, 1883-Torino, 1963",
      "year": "1934",
      "Materiale e Tecnica": "olio su compensato",
      "dimention": "cm 121x151",
      "definition": "",
      "Acquisizione": "Acquisto presso la XIX Esposizione Biennale Internazionale d'Arte, venezia, 1934",
      "Note Blind": "Inventario: p/1079"
   }
]

